text,label
"terima kasih sudah membantu",0
"semoga harimu menyenangkan",0
"dasar goblok",1
"lu tolol banget",1
"aku kurang setuju dengan pendapatmu",0
"pendapat lu sampah",1
"kamu bodoh banget",1
"terima kasih atas bantuannya",0
"lu emang payah",1
"fuck you",1
"saya menghargai pendapatmu",0
"stfu",1
"bitch please",1
"saya setuju denganmu",0
"lu idiot",1
"saya menghargai masukanmu",0
"lu goblok banget",1
"terima kasih atas dukunganmu",0
"lu tolol",1
"memek lu",1
"fuck off",1
"fuck yourself",1
"kill yourself",1
"kys",1
"fuck your mom",1
"fuck your father",1
"fuck your sister",1
"fuck your brother",1
"fuck your family",1
"fuck your dog",1
"fuck your cat",1
"fuck your house",1
"fuck your car",1
"fuck your job",1
"fuck your life",1
"fuck your dreams",1
"fuck your future",1
"fuck your past",1
"fuck your present",1
"fuck your happiness",1
"you motherfucker",1
"you piece of shit",1
"you son of a bitch",1
"you asshole",1
"you bastard",1
"you cunt",1
"you dipshit",1
"good game",0
"good luck",0
"glhf",0
"gg",0
"you stupid motherfucking asshole",1
"nice one",0
"nigga",1
"white bitch",1
"bomb your house",1
"noob",1
"nub",1
"fucking nigger",1
"fucking shit's fucking fucked the fucker",1
"go kill yourself",1
"delete the game",0
"delete the game you noob",1
"cry about it",1
"momog sia",1
"anjing sia goblog pisan",1
"belegug",1
"sia kehed anjing",1
"tolol sia goblok",1
"cicing sia momog",1
"jancok",1
"goblog goblog teuing sia jelema",1
"puki kau",1
"cukimak",1
"kararontol kabeh ieu jelema",1
"jelema teh belegug pisan",1
"putang ina mo",1
"nice game",0
"good round",0
"keren banget bang",0
"lu jago banget sih",0
"lu anjing banget asu",1
"ieu jelema sebelah aing teu daek cicing",1
"mabar yu bang",0
"halo bang",0
"bagi skin plis",0
"good game everyone",0
"have a nice day",0
"wtf",1
"God bless you",0
"nice shot",0
"thank you",0
"nice try",0
"nt",0
"ty",0
"omg",0
"what the fuck are you doing",1
"shithead",1
"gg everyone",0
"thanks for like",0
"shitty aim",1
"you sucks",1
"have a great day",0
"goodnight",0
"sleep well",0
"halo",0
"hi",0
"halo bang",0
"hello",0
"hello nigger",1
"hi",0
"coochie",1
"stop being a pussy",1
"we can do it",0
"keep it up",0
"you are just better",0
"don't give up",0
"time to shine",0
"whats up",0
"stfu bitch",1
"lmao",0
"lol",0
"hahahahaha",0
"dont get provoked",0
"stop it",0
"nice play bro",0
"well played",0
"good job",0
"mantap banget",0
"mainnya keren",0
"semangat bang",0
"ayo menang",0
"tenang dulu",0
"jangan menyerah",0
"kita bisa menang",0
"good luck bro",0
"have fun guys",0
"thanks for the game",0
"thanks bro",0
"makasih bang",0
"makasih udah bantu",0
"oke siap",0
"siap bang",0
"gas mabar",0
"ayo mabar",0
"seru banget game ini",0
"round yang bagus",0
"nice teamwork",0
"great teamwork",0
"you played really well",0
"that was a good play",0
"nice save",0
"nice assist",0
"well done everyone",0
"good effort",0
"keep playing bro",0
"semoga menang",0
"semoga beruntung",0
"makasih infonya",0
"aku paham maksudmu",0
"aku menghormati pendapatmu",0
"boleh kita coba lagi",0
"tidak apa apa",0
"santai aja",0
"jangan khawatir",0
"aku setuju",0
"menurutku itu masuk akal",0
"pendapat yang bagus",0
"thanks for playing",0
"see you next game",0
"sampai ketemu lagi",0
"selamat bermain",0
"good morning",0
"good evening",0
"semoga harimu baik",0
"you are so stupid",1
"lu bego banget",1
"dasar idiot",1
"otak lu dimana",1
"main aja gak becus",1
"aim lu jelek banget",1
"aim sampah",1
"team lu bikin kalah",1
"lu cuma beban",1
"jangan main kalau noob",1
"get lost idiot",1
"shut up loser",1
"what a stupid player",1
"you're such a loser",1
"you play like trash",1
"stop being annoying",1
"this guy is fucking useless",1
"you are ruining the game",1
"bodoh sekali sih lu",1
"lu nyebelin banget",1
"jangan sok jago",1
"bacot lu",1
"bacot terus dari tadi",1
"gak guna banget lu",1
"permainan lu payah",1
"dasar pecundang",1
"nice teamwork guys",0
"good play everyone",0
"mantap permainannya",0
"mainnya bagus banget",0
"keren bang",0
"GG bro",0
"GG guys",0
"good round bro",0
"nice round",0
"nice clutch",0
"nice clutch bro",0
"good clutch",0
"nice carry",0
"you carried us",0
"great play",0
"great game",0
"well played team",0
"well played bro",0
"good match",0
"fun match",0
"that was fun",0
"seru juga match ini",0
"game yang seru",0
"makasih udah main",0
"thanks everyone",0
"thanks for helping",0
"thanks for the help",0
"makasih bantuannya",0
"terima kasih banyak",0
"terima kasih ya",0
"makasih ya bang",0
"thanks bang",0
"ty bro",0
"ty guys",0
"np bro",0
"no problem",0
"sama sama",0
"you are welcome",0
"selamat ya",0
"congratulations",0
"congrats bro",0
"congrats everyone",0
"nice win",0
"good win",0
"kita menang",0
"akhirnya menang juga",0
"mantap menang",0
"ayo coba lagi",0
"let's try again",0
"next game",0
"see you next match",0
"semangat buat game berikutnya",0
"jangan lupa istirahat",0
"santai aja bro",0
"take it easy",0
"no worries",0
"it's okay",0
"gapapa kok",0
"tidak masalah",0
"aman bang",0
"tenang aja",0
"calm down",0
"we can recover",0
"kita masih bisa menang",0
"masih ada kesempatan",0
"there is still a chance",0
"keep going",0
"keep trying",0
"you got this",0
"we got this",0
"semangat terus",0
"jangan menyerah bro",0
"don't give up",0
"good effort",0
"nice effort",0
"lumayan bagus",0
"cukup bagus",0
"udah bagus kok",0
"menurutku sudah bagus",0
"aku suka idemu",0
"ide yang bagus",0
"that is a good idea",0
"interesting idea",0
"aku setuju sama kamu",0
"i agree with you",0
"aku ngerti maksudmu",0
"i understand",0
"makes sense",0
"that makes sense",0
"boleh juga idenya",0
"not a bad idea",0
"let's discuss it",0
"ayo kita bahas",0
"bisa dicoba",0
"we can try that",0
"coba lagi pelan pelan",0
"take your time",0
"no rush",0
"pelan pelan aja",0
"ati ati",0
"sing sabar",0
"mangga",0
"punten",0
"hatur nuhun",0
"nuhun pisan",0
"kumaha damang",0
"mugia lancar",0
"mugia damang",0
"sing sehat",0
"sing semangat",0
"hayu mabar",0
"hayu urang main",0
"urang cobaan deui",0
"teu nanaon",0
"moal nanaon",0
"alus pisan",0
"alus euy",0
"mantap euy",0
"jago euy",0
"maen maneh alus",0
"punten telat",0
"hatur nuhun tos ngabantosan",0
"makasih tos ngabantu",0
"wilujeng sumping",0
"wilujeng wengi",0
"wilujeng enjing",0
"wilujeng tepang",0
"mangga heula",0
"silakan dulu",0
"see you tomorrow",0
"have a good night",0
"sleep well bro",0
"good morning everyone",0
"good evening guys",0
"have a nice day bro",0
"semoga harimu menyenangkan",0
"semoga lancar hari ini",0
"semoga berhasil",0
"good luck on your game",0
"good luck everyone",0
"wish you luck",0
"best of luck",0
"nice shot bro",0
"nice aim",0
"nice save bro",0
"nice assist",0
"good defense",0
"good strategy",0
"strateginya bagus",0
"rotasinya bagus",0
"komunikasinya bagus",0
"komunikasi kita lumayan",0
"teamwork kita bagus",0
"ayo fokus",0
"let's focus",0
"focus guys",0
"jangan panik",0
"don't panic",0
"stay calm",0
"we almost got it",0
"hampir menang",0
"nyaris banget",0
"close game",0
"that was close",0
"seru banget tadi",0
"tadi bagus banget",0
"round tadi keren",0
"nice comeback",0
"comeback yang bagus",0
"keren comebacknya",0
"good recovery",0
"we learned something",0
"kita belajar dari ini",0
"next time kita lebih bagus",0
"next time better",0
"ayo perbaiki",0
"we can improve",0
"gak apa kalah sekali",0
"losing is okay",0
"it's just a game",0
"namanya juga game",0
"yang penting fun",0
"yang penting seru",0
"have fun",0
"enjoy the game",0
"enjoy bro",0
"good vibes",0
"positive vibes",0
"jangan saling nyalahin",0
"let's not blame anyone",0
"kita coba bareng",0
"let's play together",0
"ayo satu tim",0
"mabar kapan lagi",0
"besok mabar lagi",0
"see you guys",0
"dadah guys",0
"bye bro",0
"goodbye everyone",0
"thanks for the match",0
"makasih matchnya",0
"seru main bareng kalian",0
"senang bisa main bareng",0
"glhf everyone",0
"good luck have fun",0
"semoga matchnya lancar",0
"mantap teamworknya",0
"nice coordination",0
"good communication",0
"nice strategy guys",0
"smart move",0
"good decision",0
"that was clever",0
"nice move",0
"clean play",0
"solid play",0
"solid team",0
"strong defense",0
"great defense",0
"great attack",0
"good timing",0
"perfect timing",0
"nice timing",0
"good reaction",0
"fast reaction bro",0
"nice reaction",0
"you improved a lot",0
"makin jago nih",0
"sekarang lebih bagus",0
"latihan terus ya",0
"keep practicing",0
"practice makes perfect",0
"semangat latihannya",0
"good progress",0
"progressnya bagus",0
"lumayan untuk pertama kali",0
"first game was good",0
"baru pertama tapi bagus",0
"good start",0
"awal yang bagus",0
"nice start",0
"we'll do better next round",0
"round berikutnya gas",0
"ayo lanjut",0
"let's continue",0
"lanjut bang",0
"gaskeun",0
"gas lagi",0
"hayu gas",0
"hayu urang mabar",0
"urang menang ayeuna",0
"urang cobaan deui",0
"sing sabar heula",0
"tong hariwang",0
"tong nyerah",0
"alus pisan maenna",0
"maenna keren euy",0
"jago pisan maneh",0
"mantap pisan",0
"nuhun tos ngabantosan",0
"nuhun kang",0
"mangga atuh",0
"teu masalah",0
"teu nanaon",0
"urang masih bisa menang",0
"hayu urang fokus",0
"ulah panik",0
"sing tenang",0
"mugia menang",0
"mugia lancar",0
"wilujeng maen",0
"wilujeng wengi sadayana",0
"hatur nuhun sadayana",0
"nice game everyone",0
"good game guys",0
"good game bro",0
"thank you team",0
"thanks team",0
"you guys played well",0
"everyone played well",0
"good teamwork everyone",0
"great teamwork guys",0
"nice coordination team",0
"good communication guys",0
"let's win the next one",0
"we can win next game",0
"stay positive",0
"keep the energy up",0
"don't worry about it",0
"all good",0
"everything is fine",0
"no hard feelings",0
"ggwp",0
"wp guys",0
"wp bro",0
"nice one guys",0
"that was awesome",0
"keren banget tadi",0
"gila keren",0
"gokil mainnya",0
"mantul bang",0
"mantap sekali",0
"good job team",0
"great job bro",0
"good job everyone",0
"nice job",0
"well done bro",0
"well done team",0
"kerja bagus",0
"kerja bagus semuanya",0
"bagus banget",0
"bagus kok",0
"cukup oke",0
"oke banget",0
"aman terkendali",0
"siap lanjut",0
"siap gas",0
"ayo lanjut main",0
"mabar lagi yuk",0
"besok main lagi",0
"nanti main lagi ya",0
"sampai jumpa",0
"sampai ketemu",0
"semoga sukses",0
"semoga semuanya lancar",0
"selamat bermain semuanya",0
"selamat menikmati game",0
"enjoy your game",0
"enjoy everyone",0
"have fun everyone",0
"good vibes only",0
"let's have fun",0
"let's enjoy the game",0
"we're doing fine",0
"kita baik baik saja",0
"kita masih aman",0
"masih bisa comeback",0
"belum selesai",0
"belum kalah kok",0
"stay focused guys",0
"keep focused",0
"focus on the objective",0
"ayo fokus objektif",0
"jangan lupa objektif",0
"good objective play",0
"nice objective",0
"nice capture",0
"nice defense guys",0
"nice attack guys",0
"good push",0
"nice push",0
"good rotation",0
"nice rotation",0
"good positioning",0
"nice positioning",0
"great positioning",0
"good call",0
"nice call",0
"good leadership",0
"nice leadership",0
"komando yang bagus",0
"callnya bagus",0
"arahannya jelas",0
"jelas banget infonya",0
"makasih infonya",0
"thanks for the info",0
"that helps a lot",0
"ini sangat membantu",0
"makasih sudah kasih tahu",0
"terima kasih sudah menjelaskan",0
"penjelasannya jelas",0
"aku jadi ngerti",0
"now I understand",0
"got it thanks",0
"understood bro",0
"siap dimengerti",0
"oke ngerti",0
"noted bro",0
"oke siap",0
"siap laksanakan",0
"let's go",0
"lesgo",0
"ayo gas",0
"gas terus",0
"semangat",0
"semangat semuanya",0
"you can do it",0
"we can do this",0
"we got this team",0
"keep it going",0
"don't stop",0
"keep pushing",0
"nice try team",0
"nice try bro",0
"good attempt",0
"good attempt guys",0
"lumayan percobaannya",0
"percobaan yang bagus",0
"next attempt lebih baik",0
"we'll get it next time",0
"next time pasti bisa",0
"jangan berkecil hati",0
"tetap semangat",0
"tetap tenang",0
"tenang dulu semuanya",0
"semuanya aman",0
"no worries guys",0
"it's all good",0
"all good bro",0
"we're okay",0
"we're good",0
"good night everyone",0
"selamat malam semuanya",0
"selamat pagi semuanya",0
"selamat sore",0
"semoga tidur nyenyak",0
"have a great night",0
"have a great day everyone",0
"semoga hari kalian menyenangkan",0
"semoga harimu baik",0
"good luck next round",0
"good luck next game",0
"glhf bro",0
"glhf guys",0
"ggwp everyone",0
"wp everyone",0
"nice game guys",0
"nice match guys",0
"good match everyone",0
"fun game guys",0
"seru banget guys",0
"makasih semuanya",0
"terima kasih semuanya",0
"nuhun sadayana",0
"hatur nuhun sadayana",0
"wilujeng wengi",0
"mugia sadayana sehat",0
"sing sehat sadayana",0
"sing lancar",0
"sing sukses",0
"hayu urang lanjut",0
"hayu deui",0
"urang lanjut",0
"tong hariwang",0
"teu usah hariwang",0
"teu nanaon atuh",0
"alus atuh",0
"alus maenna",0
"mantap maenna",0
"jago pisan",0
"hadé pisan",0
"hadé euy",0
"nuhun pisan",0
"punten nya",0
"punten ngaganggu",0
"mangga diteraskeun",0
"mangga lanjut",0
"sing sabar",0
"ulah buru buru",0
"hayu urang cobaan",0
"urang tiasa",0
"urang pasti bisa",0
"semangat euy",0
"mantap euy",0
"good vibes euy",0
"you stupid idiot",1
"you are an idiot",1
"you're fucking stupid",1
"you are fucking useless",1
"you useless idiot",1
"stupid ass",1
"dumbass",1
"fucking dumbass",1
"shut the fuck up",1
"shut up idiot",1
"shut up stupid",1
"get the fuck out",1
"fuck off loser",1
"fuck you idiot",1
"fuck you stupid",1
"you fucking suck",1
"you suck so bad",1
"you suck at this",1
"you play like shit",1
"your gameplay is trash",1
"your aim is trash",1
"your aim sucks",1
"trash aim",1
"trash player",1
"garbage player",1
"you're garbage",1
"absolute garbage",1
"what a loser",1
"such a loser",1
"fucking loser",1
"cry harder loser",1
"stop crying loser",1
"crybaby",1
"stop whining",1
"quit whining",1
"you're pathetic",1
"so pathetic",1
"what a pathetic player",1
"you're embarrassing",1
"that's embarrassing",1
"malu banget lu",1
"lu memalukan",1
"dasar pecundang",1
"dasar pengecut",1
"lu pengecut",1
"lu gak guna",1
"lu ga berguna",1
"lu cuma beban",1
"cuma jadi beban tim",1
"beban banget lu",1
"tim jadi kalah gara gara lu",1
"gara gara lu kita kalah",1
"lu bikin tim hancur",1
"lu merusak game",1
"main lu kacau",1
"permainan lu kacau banget",1
"mainnya kayak sampah",1
"cara main lu sampah",1
"skill lu sampah",1
"skill lu jelek banget",1
"aim lu parah",1
"aim lu busuk",1
"aim sampah banget",1
"noob banget lu",1
"dasar noob",1
"noob anjir",1
"lu noob parah",1
"jangan sok jago",1
"sok jago lu",1
"lu cuma sok jago",1
"belagu banget lu",1
"lu belagu",1
"bacot lu",1
"bacot banget",1
"bacot terus",1
"bacot mulu",1
"diem lu",1
"diam lu",1
"cicing sia",1
"cicing atuh sia",1
"ulah bacot",1
"ulah loba omong",1
"tong loba bacot",1
"bacot teuing sia",1
"belegug pisan sia",1
"dasar belegug",1
"lu belegug",1
"bodo amat goblok",1
"goblok pisan",1
"goblog pisan",1
"goblog teuing",1
"goblok teuing sia",1
"tolol pisan sia",1
"tolol teuing",1
"dasar tolol",1
"lu tolol parah",1
"lu bodo",1
"dasar bodo",1
"bodo banget lu",1
"otak udang lu",1
"otak lu kosong",1
"otak lu dimana",1
"pikir dulu sebelum main",1
"lu gak bisa main",1
"lu gak becus",1
"gak becus banget",1
"main aja gak becus",1
"kerjaannya bikin kalah",1
"gak ada gunanya lu",1
"lu gak membantu sama sekali",1
"you contribute nothing",1
"you do nothing all game",1
"you did nothing",1
"you are useless",1
"completely useless",1
"you're dead weight",1
"dead weight on the team",1
"worst teammate ever",1
"worst player ever",1
"terrible teammate",1
"terrible player",1
"awful gameplay",1
"terrible gameplay",1
"your gameplay sucks",1
"this gameplay is trash",1
"what a trash game",1
"this team is trash",1
"your team sucks",1
"your team is garbage",1
"you ruined everything",1
"you ruined the match",1
"you ruined our game",1
"thanks for throwing",1
"stop throwing the game",1
"you're throwing",1
"why are you so bad",1
"how are you this bad",1
"how can you be this stupid",1
"are you even trying",1
"are you blind",1
"can't you see",1
"do you even know how to play",1
"learn to play",1
"learn how to aim",1
"learn how to play the game",1
"delete the game already",1
"uninstall the game",1
"just uninstall",1
"stop playing",1
"don't play this game anymore",1
"go play something else",1
"you belong in low rank",1
"stay in your rank",1
"you don't deserve this rank",1
"you got carried",1
"you only win because of others",1
"carried trash player",1
"free kill",1
"easy kill",1
"ez noob",1
"too easy for you",1
"sit down noob",1
"get good",1
"skill issue idiot",1
"massive skill issue",1
"skill issue bro",1
"what a skill issue",1
"you have no skill",1
"zero skill",1
"no skill at all",1
"can't aim for shit",1
"can't play for shit",1
"you can't do anything",1
"you can't even win",1
"you can't even aim",1
"you can't even defend",1
"you can't even attack",1
"your reaction is terrible",1
"your movement sucks",1
"your positioning sucks",1
"your strategy sucks",1
"bad strategy idiot",1
"terrible decision",1
"stupid decision",1
"what a stupid move",1
"that was fucking stupid",1
"why would you do that idiot",1
"idiotic move",1
"moronic move",1
"such a dumb move",1
"lu bikin kesel",1
"lu nyebelin banget",1
"lu ngeselin",1
"bikin emosi lu",1
"bikin kesel banget",1
"nyusahin tim",1
"nyusahin banget",1
"ganggu banget lu",1
"lu ganggu permainan",1
"jangan ganggu",1
"jangan ikut campur",1
"urus diri lu sendiri",1
"mending diem",1
"mending gak usah main",1
"mending keluar",1
"keluar aja dari game",1
"pergi sana",1
"enyah sana",1
"dasar sampah",1
"lu sampah",1
"manusia sampah",1
"dasar manusia gak guna",1
"kelakuan lu sampah",1
"mulut lu sampah",1
"pendapat lu sampah",1
"komentar lu sampah",1
"omongan lu gak guna",1
"gak ada yang peduli",1
"siapa yang nanya",1
"gak ada yang nanya lu",1
"nobody asked",1
"no one cares",1
"nobody cares about you",1
"stop talking",1
"shut your mouth",1
"shut your damn mouth",1
"keep your mouth shut",1
"don't talk to me",1
"get away from me",1
"stay away from me",1
"leave me alone idiot",1
"you annoy me",1
"you're annoying as hell",1
"so damn annoying",1
"annoying piece of shit",1
"piece of shit",1
"you piece of garbage",1
"human garbage",1
"what a dumbass",1
"what an asshole",1
"you're an asshole",1
"you're a bastard",1
"dirty bastard",1
"fucking asshole",1
"stupid asshole",1
"annoying asshole",1
"dasar bajingan",1
"lu bajingan",1
"dasar brengsek",1
"lu brengsek",1
"brengsek banget",1
"lu bangsat",1
"dasar bangsat",1
"bangsat lu",1
"kampret lu",1
"dasar kampret",1
"kehed sia",1
"dasar kehed",1
"kehed pisan",1
"anjing sia",1
"anjing pisan sia",1
"anjing teuing",1
"dasar anjing",1
"asu lu",1
"dasar asu",1
"asu pisan",1
"monyet lu",1
"dasar monyet",1
"belegug maneh",1
"bodo maneh",1
"tolol maneh",1
"goblok maneh",1
"goblog maneh",1
"momog sia",1
"momog teuing",1
"cicing maneh",1
"tong cicing di dieu",1
"tong ngaganggu",1
"ngaganggu pisan",1
"ulah sok jago",1
"ulah sok pinter",1
"ulah belagu",1
"belagu teuing sia",1
"jelema belegug",1
"jelema teu puguh",1
"jelema teu guna",1
"dasar jelema",1
"hateup sia",1
"pala maneh kosong",1
"otak maneh kosong",1
"pikiran maneh teu puguh",1
"omongan maneh teu guna",1
"maen maneh goreng",1
"maenna goreng pisan",1
"maen teh teu bisa",1
"teu bisa maen",1
"teu bisa nanaon",1
"teu guna pisan",1
"ngan jadi beban",1
"beban tim pisan",1
"ngarusak game",1
"ngarusak tim",1
"ngaganggu tim",1
"ulah maen deui",1
"mending eureun maen",1
"eureun atuh maen",1
"balik wae",1
"balik ka lobby",1
"balik ka rank handap",1
"rank maneh parah",1
"skill maneh parah",1
"aim maneh goreng",1
"aim maneh teu puguh",1
"strategi maneh goreng",1
"gerakan maneh goreng",1
"maneh ngan bisa nyusahkeun",1
"maneh ngan bisa ngaganggu",1
"maneh bikin kalah",1
"gara gara maneh kalah",1
"tim ieu gara gara maneh",1
"teu pantes meunang",1
"teu pantes aya di rank ieu",1
"teu boga skill",1
"teu bisa maen bener",1
"diajar heula atuh",1
"diajar maen heula",1
"diajar aim heula",1
"ulah sok nyalahkeun batur",1
"nyalahkeun batur wae",1
"anjeunna mah beban",1
"ieu mah beban tim",1
"parah pisan maneh",1
"gila parah maenna",1
"maenna teu puguh",1
"teu jelas pisan",1
"gak jelas lu",1
"lu aneh banget",1
"aneh lu",1
"tingkah lu aneh",1
"kelakuan lu aneh",1
"what the hell is wrong with you",1
"what is wrong with you idiot",1
"why are you like this",1
"you are impossible",1
"you're unbearable",1
"you're driving me crazy",1
"stop being stupid",1
"stop acting stupid",1
"don't be an idiot",1
"don't be so dumb",1
"you're making no sense",1
"that makes no fucking sense",1
"your idea is stupid",1
"that's a stupid idea",1
"what a stupid opinion",1
"your opinion is garbage",1
"your advice is useless",1
"nobody wants your advice",1
"keep your garbage opinion",1
"stop spreading nonsense",1
"omong kosong lu",1
"ngaco banget lu",1
"omongan ngaco",1
"pendapat ngaco",1
"pikiran lu ngaco",1
"lu gak masuk akal",1
"gak ada logikanya",1
"bodoh banget sih",1
"bego banget sih",1
"bego lu",1
"dasar bego",1
"bego parah",1
"lu lemot banget",1
"otak lu lemot",1
"lambat banget lu",1
"gak ngerti ngerti",1
"lu gak paham paham",1
"masa gitu aja gak bisa",1
"gitu aja gak becus",1
"hal gampang aja gagal",1
"gagal terus",1
"lu gagal total",1
"total failure",1
"complete failure",1
"what a failure",1
"you're hopeless",1
"hopeless player",1
"you're hopeless at this game",1
"just give up",1
"give up already",1
"stop embarrassing yourself",1
"you're embarrassing yourself",1
"malu maluin diri sendiri",1
"malu maluin tim",1
"lu bikin malu tim",1
"tim malu punya lu",1
"gak ada harapan lu",1
"udah menyerah aja",1
"mending menyerah",1
"percuma lu main",1
"percuma latihan",1
"percuma coba lagi",1
"tetap aja jelek",1
"tetap aja gak bisa",1
"lu gak bakal jago",1
"you will never get good",1
"you'll never improve",1
"no hope for you",1
"you'll always be bad",1
"always throwing",1
"always ruining the game",1
"always a burden",1
"selalu jadi beban",1
"selalu bikin kalah",1
"selalu ngaco",1
"selalu bikin masalah",1
"tiap game sama aja",1
"setiap main bikin kalah",1
"baru main udah mati",1
"mati terus lu",1
"mati mulu",1
"feed terus",1
"feeding terus",1
"lu tukang feed",1
"dasar feeder",1
"feeder banget",1
"kill lu dikit banget",1
"damage lu kecil",1
"damage sampah",1
"score lu parah",1
"score paling bawah",1
"selalu paling bawah",1
"rank lu rendah banget",1
"rank sampah",1
"rank lu gak pantas",1
"you don't belong here",1
"you don't belong in this lobby",1
"get out of this lobby",1
"leave the lobby",1
"quit the match",1
"quit already",1
"just leave",1
"please leave the game",1
"don't queue again",1
"never queue with me again",1
"jangan mabar sama gue lagi",1
"jangan ikut tim gue lagi",1
"gak mau satu tim sama lu",1
"ogah satu tim sama lu",1
"kapok satu tim sama lu",1
"mabar sama lu bikin kalah",1
"mabar sama lu bikin kesel",1
"lu bikin mabar gak enak",1
"lu bikin suasana jelek",1
"suasana jadi toxic gara gara lu",1
"momok",1 
"momok lu",1
"momok pisan",1
"momok teuing",1
"momog",1
"momog lu",1
"momog pisan",1
"momog teuing",1
"mararemeg",1
"mararemeg lu",1
"mararemeg pisan",1
"mararemeg teuing",1
"memeg",1
"memeg lu",1
"memeg pisan",1
"memeg teuing",1
"memek",1
"memek lu",1
"memek pisan",1
"memek teuing",1
"lu baik banget",0
"lu keren banget",0
"lu jago banget",0
"lu hebat banget",0
"lu luar biasa",0
"fucking amazing",0
"you're amazing",0
"you're awesome",0
"you're incredible",0
"you're fantastic",0
"you're brilliant",0
"you're a genius",0
"you're a legend",0
"you're a pro",0
"you're a master",0
"you're a champion",0
"you're a winner",0
"you're a hero",0
"you're a star",0
"you're a superstar",0
"you're a rockstar",0
"you're a boss",0
"you're a king",0
"you're a queen",0
"you're a god",0
"you're a goddess",0
"you're a legend bro",0
"you're a legend team",0
"you're a legend player",0
"you're a legend gamer",0
"you're a legend teammate",0
"you're a legend friend",0
"you're a legend bro",0
"you're a legend team",0
"you're a legend player",0
"you're a legend gamer",0
"you're a legend teammate",0
"you're a legend friend",0
"u r dumb",1
"u r stupid",1
"u r an idiot",1
"u r a loser",1
"u r trash",1
"u r garbage",1
"u r useless",1
"u r hopeless",1
"u r pathetic",1
"u r embarrassing",1
"u r annoying",1
"u r a piece of shit",1
"u r a bastard",1
"u r retard",1
"u r good bro",0
"dumbass fuck",1
"otak udang",1
"otak",0
"bego",1
"stop joking around guys",0
"wtf r u guys doing",1
ngentod,1
ngentod,1
ngentod,1
tai,1
hoe,1
hoe,1
whore,1
bujaina,1
vagina,1
mf,1
stfumf,1
sybau,1
lu jago banget,0
lu keren,0
lu,0
you are the best,0
wth,1
what are u doing,0
you lucky,0
kms,1
you seem scared,0
nigga,1
bad,0
my bad,0
mouth wide open,0
put it so deep i cant speak,0
hootie